building_id,total_sensor_readings,total_energy_kwh,avg_daily_energy_kwh,avg_sensor_power_kw,peak_sensor_power_kw,avg_voltage,avg_power_factor,avg_temperature
B02,21513,42295.19,233.68,1.966,4.87,229.96,0.85,10.11
B01,21522,42248.39,233.42,1.963,4.909,230.06,0.85,9.96
B07,21503,42200.35,233.15,1.963,4.919,229.94,0.851,9.91
B03,21516,42189.03,233.09,1.961,4.968,230.09,0.851,10.0
B04,21507,42102.56,232.61,1.958,4.851,230.01,0.85,10.02
B10,21495,42007.88,232.09,1.954,4.965,230.08,0.85,10.15
B05,21524,42001.79,232.05,1.951,4.909,230.07,0.849,9.99
B06,21516,41868.85,231.32,1.946,4.902,229.9,0.85,10.09
B09,21477,41857.23,231.26,1.949,4.938,229.99,0.85,10.06
B08,21472,41666.3,230.2,1.941,4.855,229.98,0.85,10.19
